{"Version": "3.4.0","Arrangement":3,"ReverseOrdering":0,"OrthographicSizeScale":1,"TextureWidth":1280,"TextureHeight":720,"XDivisions":8,"YDivisions":8,"OverlapX":0,"OverlapY":0,"ViewportSize":3.84,"FieldOfView":180,"Near":0.1,"Far":200,"Spacing":30,"FirstProjector":1,"Cameras":[{"TopFadeRange":0,"TopFadeChoke":0,"TopFadeGamma":1,"BottomFadeRange":0,"BottomFadeChoke":0,"BottomFadeGamma":1,"LeftFadeRange":0,"LeftFadeChoke":0,"LeftFadeGamma":0,"RightFadeRange":0.4313725,"RightFadeChoke":0.801743,"RightFadeGamma":0.9847494,"Tint":{ "r":1,"g":1,"b":1},"Offset":{"Corner":[0.5,0,6.499996,0,0.5,1.3,4.799998,2.6],"Point":[0,0,0,0,0,0,0,0,0,0,0,0,0,0,0,0,0,0,0,0,0,0,0,0,0,0,0,0,0,0,0,0,0,0,0,0,0,0,0,0,0,0,0,0,0,0,0,0,0,0,0,0,0,0,0,0,0,0,0,0,0,0,0,0,0,0,0,0,0,0,0,0,0,0,0,0,0,0,0,0,0,0,0,0,0,0,0,0,0,0,0,0,0,0,0,0,0,0,0,0,0,0,0,0,0,0,0,0,0,0,0,0,0,0,0,0,0,0,0,0,0,0,0,0,0,0,0,0,0,0,0,0,0,0,0,0,0,0,0,0,0,0,0,0,0,0,0,0,0,0,0,0,0,0,0,0,0,0,0,0,0,0]}},{"TopFadeRange":0,"TopFadeChoke":0,"TopFadeGamma":1,"BottomFadeRange":0,"BottomFadeChoke":0,"BottomFadeGamma":1.191721,"LeftFadeRange":0.5403052,"LeftFadeChoke":0.9379085,"LeftFadeGamma":1.368191,"RightFadeRange":0,"RightFadeChoke":0,"RightFadeGamma":0,"Tint":{ "r":1,"g":1,"b":1},"Offset":{"Corner":[-10.90001,-0.5,-0.6,-0.5,-5.399997,0.8000001,-0.7,1.4],"Point":[0,0,0,0,0,0,0,0,-0.6,0,-0.2,0,0,0,0,0,0,0,0,-0.3,0,-0.3,0,-0.3,0,-0.3,-0.6,-0.3,-0.2,-0.3,0,-0.3,0,-0.3,0,-0.3,0,-0.5,0,-0.5,0,-0.5,0,-0.5,-0.6,-0.5,-0.2,-0.5,0,-0.5,0,-0.5,0,-0.5,0,-0.6,0,-0.6,0,-0.6,0,-0.6,-0.6,-0.6,-0.2,-0.6,0,-0.6,0,-0.6,0,-0.6,0,-0.7,0,-0.7,0,-0.7,0,-0.7,-0.6,-0.7,-0.1,-0.7,0,-0.7,0,-0.7,0,-0.7,0,-0.6,0,-0.6,0,-0.6,0,-0.6,-0.6,-0.6,-0.2,-0.6,0,-0.6,0,-0.6,0,-0.6,0,-0.4,0,-0.4,0,-0.4,0,-0.4,-0.7,-0.4,-0.2,-0.4,0,-0.4,0,-0.4,0,-0.4,0,-0.3,0,-0.3,0,-0.3,0,-0.3,-0.6,-0.3,-0.2,-0.3,0,-0.3,0,-0.3,0,-0.3,0,0,0,0,0,0,0,0,-0.6,0,-0.2,0,0,0,0,0,0,0]}}]}
